Country Code,2010,2011
AFG,20.6,20.9
AGO,10,10
ALB,25.79999,27
ARB,25,28.117516
ARE,9,9.8
